Title,Author,Format-Year
Real-World Spanish: The Conversation Learning System,No author found,No details found
Learning Spanish-beginner I,No author found,No details found
100 Facts About Learning Spanish,No author found,No details found
100 Facts About Learning Spanish,No author found,No details found
A Beginner's Guide to Learning Spanish,No author found,No details found
No Tears Spanish Grammar: Easy Learning: Essential Rules for Beginners,No author found,No details found
The Ultimate Learning Spanish Blueprint - 10 Essential Steps,No author found,No details found
Guess What Baby J Is Learning? 123's Spanish,No author found,No details found
Learning Spanish for Adults Beginner,No author found,No details found
Learning to Read in English and Spanish Made Easy,No author found,No details found
Learn Spanish Like a Native for Beginners - Level 1: Learning Spanish in Your Car Has Never Been Eas,No author found,No details found
Spanish for Beginners: A Comprehensive Guide for Learning the Spanish Language Fast,No author found,No details found
Learn Spanish Like a Native for Beginners - Level 2: Learning Spanish in Your Car Has Never Been Eas,No author found,No details found
"Spanish: Beginner's Step by Step Course to Quickly Learning the Spanish Language, Spanish Grammar &",No author found,No details found
I'm Learning Spanish,No author found,No details found
I am learning Spanish,No author found,No details found
The Best Spanish Learning Games for Children,No author found,No details found
Easy Learning Spanish Vocabulary,No author found,No details found
Easy Learning Spanish Grammar: Trusted support for learning,No author found,No details found
Easy Learning Spanish Verbs,No author found,No details found
